<?xml version="1.0" encoding="UTF-8" standalone="yes"?>
<addon id="script.torrent.pulsar" name="Play Torrent directo" version="0.0.3" provider-name="vascartech">
	<requires>
		<import addon="xbmc.python" version="2.12.0"/>
        <import addon="plugin.video.pulsar" version="0.3.1"/>
	</requires>
	<extension point="xbmc.python.script" library="main.py">
		<provides>executable</provides>
	</extension>
	<extension point="xbmc.addon.metadata">
		<summary lang="en">Play Torrent</summary>
		<description lang="en">Reproductor directo de archivos torrent</description>
		<language></language>
		<platform>all</platform>
		<forum>Descarge archivos Torrent desde las siguientes wueb: http://yify-movie.com :  https://kickass.unblocked.la/search/yify%201080p/</forum>
		<disclaimer lang="en">Descarge torrent desde su web preferida.</disclaimer>
		<license>GNU GENERAL PUBLIC LICENSE. Version 2, June 1991</license>
	</extension>
</addon>
