<?xml version="1.0" encoding="UTF-8" standalone="yes"?>
<addon id="plugin.video.vascartech" name="Peliculas en HD" version="1.0.0" provider-name="vascartech">
    <requires>
        <import addon="xbmc.python" version="2.1.0"/>
    </requires>
    <extension point="xbmc.python.pluginsource" library="addon.py">
        <provides>video</provides>
    </extension>
    <extension point="xbmc.addon.repository" name="vascartech Autoupdate Repository">
        <info compressed="false"></info>
        <checksum></checksum>
        <datadir zip="true"></datadir>
    </extension>
    <extension point="xbmc.addon.metadata">
        <platform>all</platform>
        <website><![CDATA[]]></website>
        <forum><![CDATA[]]></forum>
        <source><![CDATA[]]></source>
        <language></language>
        <license><![CDATA[GNU GENERAL PUBLIC LICENSE. Version 3, 29 June 2007]]></license>
        <summary><![CDATA[p2p: Torrent streaming en XBMC.]]></summary>
        <description><![CDATA[Reprodusca torrents directamente de XBMC.

Ultimas actualizaciones y modificaciones:
Twitter: twitter.com/vascartech-inc.com
Facebook: facebook.com/VascarTech/inc.com]]></description>
    </extension>
</addon>
