<?xml version="1.0" encoding="UTF-8" standalone="yes"?>
<addon id="plugin.program.wizarale" name="Actualizaciones" version="1.0.0" provider-name="Actualizaciones">
  <requires>
    <import addon="xbmc.python" version="2.1.0"/>
  </requires>
  <extension point="xbmc.python.pluginsource" library="default.py">
        <provides>executable</provides>
  </extension>
  <extension point="xbmc.addon.metadata">
    <summary lang="en">Actualizaciones</summary>
    <description lang="en">descarga las ultimas rom para tu equipo Freeland Streaming Box:). </description>
    <platform>all</platform>
  </extension>
</addon>
