<?xml version="1.0" encoding="UTF-8"?>
<addon
  id="skin.confluencefreeland"
  version="2.5.12"
  name="Confluence Free Land Streaming Box"
  provider-name="Vascartech">
  <requires>
    <import addon="xbmc.gui" version="5.3.0"/>
  </requires>
  <extension
    point="xbmc.gui.skin"
    defaultthemename="textures.xbt"
    debugging="false"
    effectslowdown="0.75">
    <res width="1280" height="720" aspect="16:9" default="true" folder="720p" />
  </extension>
  <extension point="xbmc.addon.metadata">
    <summary lang="es">Confluence skin por Vascartech-inc.com</summary>
    <description lang="es">Confluence es la skin por defecto de Kodi 9.11 y posteriores. Es una combinación de conceptos de muchas skins populares, e intenta abarcar e integrar lo mejor de ellas en una skin que sea sencilla de entender y utilizar para los nuevos usuarios de Kodi.</description>
    <disclaimer lang="es">Confluence es el skin por defecto de Kodi FreeLand Streaming Box. Borrarlo puede causar problemas</disclaimer>
    <platform>all</platform>
  </extension>
</addon>
